<?xml version="1.0" encoding="UTF-8" standalone="no"?><map><mapSize>4</mapSize><mapMezok><mezoSor><UT> </UT><UT> </UT><UT> </UT><URESMEZO> </URESMEZO></mezoSor><mezoSor><URESMEZO> </URESMEZO><URESMEZO> </URESMEZO><UT> </UT><UT> </UT></mezoSor><mezoSor><URESMEZO> </URESMEZO><URESMEZO> </URESMEZO><URESMEZO> </URESMEZO><UT> </UT></mezoSor><mezoSor><UT> </UT><UT> </UT><UT> </UT><VEGZETHEGYE> </VEGZETHEGYE></mezoSor></mapMezok><mapUtvonalak><utvonal><UT><x>0</x><y>0</y></UT><UT><x>0</x><y>1</y></UT><UT><x>0</x><y>2</y></UT><UT><x>1</x><y>2</y></UT><UT><x>1</x><y>3</y></UT><UT><x>2</x><y>3</y></UT><VEGZETHEGYE><x>3</x><y>3</y></VEGZETHEGYE></utvonal><utvonal><UT><x>3</x><y>0</y></UT><UT><x>3</x><y>1</y></UT><UT><x>3</x><y>2</y></UT><VEGZETHEGYE><x>3</x><y>3</y></VEGZETHEGYE></utvonal></mapUtvonalak></map>